Name,Block Group,Census Tract,County,State,GEOID10,Ward,Total:,Male:,Under 5 years,5 to 9 years,10 to 14 years,15 to 17 years,18 and 19 years,20 years,21 years,22 to 24 years,25 to 29 years,30 to 34 years,35 to 39 years,40 to 44 years,45 to 49 years,50 to 54 years,55 to 59 years,60 and 61 years,62 to 64 years,65 and 66 years,67 to 69 years,70 to 74 years,75 to 79 years,80 to 84 years,85 years and over,Female:,Under 5 years,5 to 9 years,10 to 14 years,15 to 17 years,18 and 19 years,20 years,21 years,22 to 24 years,25 to 29 years,30 to 34 years,35 to 39 years,40 to 44 years,45 to 49 years,50 to 54 years,55 to 59 years,60 and 61 years,62 to 64 years,65 and 66 years,67 to 69 years,70 to 74 years,75 to 79 years,80 to 84 years,85 years and over
"Block Group 1, Census Tract 2, Boone County, Missouri",1,200,19,29,290190000000,,673,415,0,0,0,10,8,0,9,73,71,87,21,41,4,17,24,0,10,4,13,13,0,0,10,258,0,0,0,0,5,0,0,32,74,11,5,26,28,7,35,0,8,5,4,8,0,0,10
"Block Group 2, Census Tract 2, Boone County, Missouri",2,200,19,29,290190002002,,1239,529,16,0,7,6,25,8,74,79,88,41,45,40,6,13,17,3,24,8,15,0,14,0,0,710,3,11,13,0,188,68,65,123,32,93,11,31,19,0,13,14,7,0,12,0,0,0,7
"Block Group 1, Census Tract 3, Boone County, Missouri",1,300,19,29,290190003001,,888,300,0,0,8,9,48,61,79,69,0,4,7,0,0,0,0,0,7,0,0,8,0,0,0,588,0,0,0,7,6,52,235,207,24,0,0,7,4,2,37,0,0,0,0,0,0,0,7
"Block Group 2, Census Tract 3, Boone County, Missouri",2,300,19,29,290190003002,,879,693,0,0,0,0,251,116,135,122,62,0,0,0,0,0,0,0,0,7,0,0,0,0,0,186,0,0,0,0,18,100,42,19,0,0,0,0,0,0,7,0,0,0,0,0,0,0,0
"Block Group 3, Census Tract 3, Boone County, Missouri",3,300,19,29,290190003003,,1383,967,0,0,16,1,0,197,278,243,38,0,0,29,34,7,10,0,13,8,16,47,7,0,23,416,8,21,4,0,0,39,77,38,65,7,11,3,8,24,19,9,30,29,0,0,0,16,8
"Block Group 1, Census Tract 5, Boone County, Missouri",1,500,19,29,290190005001,,1802,857,0,0,0,12,367,157,145,75,42,35,0,0,2,0,15,0,7,0,0,0,0,0,0,945,0,3,0,0,351,226,186,159,0,11,0,3,2,2,2,0,0,0,0,0,0,0,0
"Block Group 2, Census Tract 5, Boone County, Missouri",2,500,19,29,290190005002,,1511,1052,0,0,0,0,29,178,286,275,151,33,10,64,0,26,0,0,0,0,0,0,0,0,0,459,0,0,0,0,0,79,277,67,9,0,0,0,0,27,0,0,0,0,0,0,0,0,0
"Block Group 3, Census Tract 5, Boone County, Missouri",3,500,19,29,290190005003,,1388,865,0,0,0,0,36,142,180,128,36,36,10,0,14,24,136,39,30,0,19,0,35,0,0,523,0,0,0,0,96,38,132,87,81,0,0,10,0,0,25,0,39,0,0,15,0,0,0
"Block Group 1, Census Tract 6, Boone County, Missouri",1,600,19,29,290190006001,,1347,655,42,0,46,5,64,9,99,99,0,0,28,3,85,27,47,0,22,0,16,0,15,32,16,692,0,29,0,202,0,16,27,11,0,27,0,4,0,72,215,0,22,16,0,17,14,5,15
"Block Group 2, Census Tract 6, Boone County, Missouri",2,600,19,29,290190006002,,987,451,64,0,43,22,0,0,0,15,36,11,32,20,24,76,47,7,0,0,29,25,0,0,0,536,44,28,92,48,0,0,0,26,46,55,20,0,53,13,41,0,17,0,0,0,27,11,15
"Block Group 3, Census Tract 6, Boone County, Missouri",3,600,19,29,290190006003,,880,460,52,4,25,18,12,17,0,0,27,23,42,23,3,36,40,25,16,22,47,15,13,0,0,420,34,0,19,2,0,0,0,0,18,23,22,25,3,79,32,0,35,16,0,28,30,54,0
"Block Group 4, Census Tract 6, Boone County, Missouri",4,600,19,29,290190006004,,1189,513,41,0,15,19,12,0,0,0,40,56,23,0,0,0,44,20,43,16,15,80,57,16,16,676,0,0,0,13,0,0,30,66,49,82,17,0,13,27,115,14,24,49,0,40,95,30,12
"Block Group 1, Census Tract 7, Boone County, Missouri",1,700,19,29,290190007001,,372,127,0,0,0,0,0,0,0,0,22,9,29,12,10,0,7,0,33,0,0,0,0,5,0,245,15,0,0,43,0,0,0,0,16,8,0,10,37,28,44,0,17,0,8,2,15,2,0
"Block Group 2, Census Tract 7, Boone County, Missouri",2,700,19,29,290190007002,,1666,684,0,3,15,47,0,0,20,0,125,190,128,14,24,36,23,0,0,17,29,13,0,0,0,982,77,10,43,0,17,0,9,110,126,91,33,28,51,51,14,0,20,29,22,220,10,0,21
"Block Group 3, Census Tract 7, Boone County, Missouri",3,700,19,29,290190007003,,1339,559,79,11,0,0,4,0,8,10,48,121,105,26,32,23,25,0,6,0,14,34,5,8,0,780,69,33,21,10,4,0,0,34,133,18,50,118,26,30,58,0,80,18,21,33,17,7,0
"Block Group 1, Census Tract 9, Boone County, Missouri",1,900,19,29,290190009001,,983,604,7,12,11,65,6,5,0,99,17,45,72,47,36,59,86,0,0,0,11,26,0,0,0,379,15,0,33,28,0,0,15,26,85,26,30,30,25,9,21,0,9,0,0,22,5,0,0
"Block Group 2, Census Tract 9, Boone County, Missouri",2,900,19,29,290190009002,,547,313,16,28,18,0,9,0,14,4,34,4,37,9,6,5,56,31,0,20,0,0,9,13,0,234,0,7,8,14,15,0,0,15,19,9,14,17,10,0,17,12,50,6,0,3,3,6,9
"Block Group 1, Census Tract 10.01, Boone County, Missouri",1,10.01,19,29,290190010011,6,729,354,36,0,0,0,0,0,0,72,77,56,31,13,0,7,0,13,27,12,10,0,0,0,0,375,0,0,0,0,0,0,58,159,79,28,0,0,11,8,0,0,0,0,11,0,0,0,21
"Block Group 2, Census Tract 10.01, Boone County, Missouri",2,10.01,19,29,290190010012,3,933,430,32,0,75,0,0,0,0,13,93,16,0,75,0,56,12,11,0,0,19,0,0,28,0,503,0,0,68,0,0,0,0,64,102,44,55,34,0,25,9,0,26,21,0,55,0,0,0
"Block Group 3, Census Tract 10.01, Boone County, Missouri",3,10.01,19,29,290190010013,6,1139,604,0,0,41,73,0,0,0,28,204,54,28,0,38,0,33,80,0,0,0,0,25,0,0,535,35,36,36,0,0,0,172,34,23,38,0,0,48,0,79,0,13,0,0,11,10,0,0
"Block Group 4, Census Tract 10.01, Boone County, Missouri",4,10.01,19,29,290190000000,6,788,442,83,0,0,53,0,0,24,0,14,77,40,59,14,0,22,0,23,0,13,0,10,10,0,346,0,22,0,20,0,0,0,139,13,28,10,16,26,24,0,25,0,14,0,0,9,0,0
"Block Group 5, Census Tract 10.01, Boone County, Missouri",5,10.01,19,29,290190010015,6,1296,528,0,20,20,33,8,0,82,132,18,12,0,0,69,13,9,0,9,0,8,10,19,9,57,768,0,0,33,0,28,28,265,68,33,11,0,18,34,13,0,0,10,0,10,57,0,69,91
"Block Group 1, Census Tract 10.03, Boone County, Missouri",1,10.03,19,29,290190010031,3,1506,671,63,9,13,0,0,0,0,17,192,101,47,93,39,19,25,0,0,0,31,22,0,0,0,835,99,83,103,0,0,0,0,17,96,144,49,70,0,46,39,15,20,0,26,12,0,16,0
"Block Group 2, Census Tract 10.03, Boone County, Missouri",2,10.03,19,29,290190010032,3,2076,1010,37,84,15,29,16,21,25,37,344,28,132,0,24,39,27,58,0,15,0,38,27,14,0,1066,0,67,86,0,10,46,67,77,147,64,97,18,19,78,69,49,56,0,16,57,43,0,0
"Block Group 1, Census Tract 10.04, Boone County, Missouri",1,10.04,19,29,290190010041,6,1124,577,77,117,114,0,0,0,0,0,12,64,0,13,78,64,10,0,0,0,0,0,0,28,0,547,47,82,125,58,0,0,0,0,82,21,14,0,0,16,50,0,0,0,42,10,0,0,0
"Block Group 2, Census Tract 10.04, Boone County, Missouri",2,10.04,19,29,290190010042,6,847,322,0,0,0,12,0,0,0,0,0,13,0,0,0,1,3,14,0,0,3,0,28,44,204,525,0,15,0,0,0,0,0,0,0,0,0,0,0,38,53,0,3,0,15,8,28,200,165
"Block Group 3, Census Tract 10.04, Boone County, Missouri",3,10.04,19,29,290190010043,6,1549,712,16,13,91,0,0,35,17,0,135,88,123,35,9,0,51,36,0,40,0,23,0,0,0,837,100,105,24,0,1,82,0,84,55,54,79,0,51,39,37,23,32,41,0,30,0,0,0
"Block Group 1, Census Tract 11.05, Boone County, Missouri",1,11.05,19,29,290190011051,6,1159,287,0,0,0,0,0,0,0,0,68,13,40,0,0,51,53,0,21,20,0,0,0,0,21,872,0,0,0,0,72,267,55,201,168,0,0,23,0,9,0,0,0,0,24,13,0,20,20
"Block Group 2, Census Tract 11.05, Boone County, Missouri",2,11.05,19,29,290190011052,4,800,486,0,0,0,0,0,84,281,60,15,23,23,0,0,0,0,0,0,0,0,0,0,0,0,314,0,0,0,0,8,40,0,155,28,0,0,0,83,0,0,0,0,0,0,0,0,0,0
"Block Group 3, Census Tract 11.05, Boone County, Missouri",3,11.05,19,29,290190011053,6,702,354,53,0,22,0,0,0,0,0,194,0,13,22,0,35,0,0,15,0,0,0,0,0,0,348,20,0,0,0,0,0,0,87,130,0,59,0,0,0,21,0,13,0,0,0,0,18,0
"Block Group 4, Census Tract 11.05, Boone County, Missouri",4,11.05,19,29,290190011054,6,1082,741,0,0,0,0,0,45,305,257,77,57,0,0,0,0,0,0,0,0,0,0,0,0,0,341,0,0,0,0,0,0,37,38,113,100,0,0,21,0,22,0,0,10,0,0,0,0,0
"Block Group 1, Census Tract 11.06, Boone County, Missouri",1,11.06,19,29,290190011061,6,1978,931,0,0,0,0,117,144,417,0,51,90,0,0,78,0,0,0,34,0,0,0,0,0,0,1047,47,0,0,0,145,155,229,351,16,23,0,23,0,29,0,29,0,0,0,0,0,0,0
"Block Group 2, Census Tract 11.06, Boone County, Missouri",2,11.06,19,29,290190011062,6,1552,991,41,0,0,0,18,66,171,456,143,13,0,32,0,27,0,0,24,0,0,0,0,0,0,561,56,0,0,0,14,167,0,183,58,17,0,0,0,28,0,0,0,0,0,38,0,0,0
"Block Group 3, Census Tract 11.06, Boone County, Missouri",3,11.06,19,29,290190011063,6,1301,143,0,44,0,31,0,0,34,0,23,11,0,0,0,0,0,0,0,0,0,0,0,0,0,1158,24,24,0,0,588,0,193,47,50,82,57,93,0,0,0,0,0,0,0,0,0,0,0
"Block Group 4, Census Tract 11.06, Boone County, Missouri",4,11.06,19,29,290190011064,6,2030,907,172,71,0,30,0,0,0,40,215,96,101,0,40,0,0,29,0,0,51,39,8,15,0,1123,164,0,16,35,0,44,0,221,273,58,127,0,0,27,0,0,25,29,8,41,7,26,22
"Block Group 1, Census Tract 11.07, Boone County, Missouri",1,11.07,19,29,290190000000,5,687,377,16,0,39,21,0,1,1,1,18,15,15,21,26,65,9,0,37,13,17,47,0,0,15,310,0,6,19,0,0,20,0,23,0,17,0,0,61,29,40,18,15,18,17,0,0,27,0
"Block Group 2, Census Tract 11.07, Boone County, Missouri",2,11.07,19,29,290190011072,5,1487,597,58,22,50,9,0,0,12,21,29,77,59,43,19,66,26,0,37,0,0,69,0,0,0,890,70,52,45,5,0,0,13,80,77,82,0,185,38,41,13,0,14,0,27,53,0,13,82
"Block Group 3, Census Tract 11.07, Boone County, Missouri",3,11.07,19,29,290190011073,5,1938,948,10,11,39,111,0,0,0,0,78,209,35,83,6,18,65,49,38,0,37,73,71,0,15,990,0,48,75,57,6,0,0,57,86,5,18,75,23,26,69,29,52,6,67,70,138,13,70
"Block Group 1, Census Tract 11.08, Boone County, Missouri",1,11.08,19,29,290190011081,5,1442,634,67,84,34,0,9,0,24,9,16,24,109,12,48,45,19,0,14,0,76,32,0,12,0,808,48,47,28,0,0,0,0,108,43,87,66,27,22,16,64,13,62,0,14,28,13,48,74
"Block Group 2, Census Tract 11.08, Boone County, Missouri",2,11.08,19,29,290190011082,5,703,284,92,0,0,0,0,0,0,114,51,0,0,0,27,0,0,0,0,0,0,0,0,0,0,419,0,0,0,0,33,0,0,127,124,32,16,68,0,0,0,19,0,0,0,0,0,0,0
"Block Group 3, Census Tract 11.08, Boone County, Missouri",3,11.08,19,29,290190011083,5,771,275,0,0,0,0,0,71,0,15,31,27,0,0,0,0,12,14,0,57,13,0,0,35,0,496,0,0,0,43,7,58,30,112,40,45,0,44,0,7,29,0,0,0,81,0,0,0,0
"Block Group 1, Census Tract 11.09, Boone County, Missouri",1,11.09,19,29,290190011091,5,1687,1075,43,324,0,213,0,0,0,0,30,0,48,266,0,12,43,0,0,0,62,0,0,0,34,612,0,0,173,1,0,0,14,2,1,256,45,0,0,13,73,0,0,0,0,0,21,0,13
"Block Group 2, Census Tract 11.09, Boone County, Missouri",2,11.09,19,29,290190011092,5,874,376,26,0,0,0,0,0,0,20,0,38,0,40,9,43,31,0,0,0,0,65,104,0,0,498,37,0,10,0,0,0,27,33,0,42,27,30,45,7,64,0,18,0,0,0,98,60,0
"Block Group 3, Census Tract 11.09, Boone County, Missouri",3,11.09,19,29,290190011093,5,841,439,0,0,34,43,30,107,0,14,51,38,29,0,36,0,0,29,28,0,0,0,0,0,0,402,0,0,0,0,19,0,0,122,86,35,6,57,50,0,27,0,0,0,0,0,0,0,0
"Block Group 4, Census Tract 11.09, Boone County, Missouri",4,11.09,19,29,290190011094,5,2045,908,126,40,140,63,0,70,0,31,24,0,0,140,23,0,82,5,109,10,0,12,0,22,11,1137,35,37,132,28,0,0,0,89,58,0,0,134,80,168,63,6,0,54,55,14,89,65,30
"Block Group 1, Census Tract 11.10, Boone County, Missouri",1,11.1,19,29,290190011101,,3307,1459,0,163,143,91,47,0,0,84,66,31,131,264,164,112,39,0,0,74,13,37,0,0,0,1848,91,26,430,51,28,0,27,51,49,85,227,140,264,127,62,23,47,29,46,26,19,0,0
"Block Group 2, Census Tract 11.10, Boone County, Missouri",2,11.1,19,29,290190011102,,1418,561,49,31,0,0,0,46,112,72,0,47,47,0,70,0,60,0,0,0,0,27,0,0,0,857,0,0,35,0,106,140,25,223,51,23,0,65,22,0,0,0,67,0,0,100,0,0,0
"Block Group 3, Census Tract 11.10, Boone County, Missouri",3,11.1,19,29,290190011103,,2668,1205,46,243,46,0,0,16,0,0,85,140,89,47,37,79,91,67,36,24,30,88,12,0,29,1463,243,47,86,67,0,0,0,0,207,79,188,107,105,35,86,0,44,0,46,53,9,61,0
"Block Group 1, Census Tract 12.01, Boone County, Missouri",1,12.01,19,29,290190012011,4,723,390,23,22,0,17,0,0,25,43,69,9,15,0,0,0,16,21,56,0,13,30,15,16,0,333,76,14,0,0,0,14,0,0,76,40,14,0,0,16,27,25,0,0,16,0,15,0,0
"Block Group 2, Census Tract 12.01, Boone County, Missouri",2,12.01,19,29,290190012012,4,1086,459,64,34,27,10,0,0,0,0,0,19,57,12,43,0,32,38,14,0,0,33,76,0,0,627,63,81,12,0,0,0,0,21,0,16,67,85,19,45,44,21,25,0,12,36,47,33,0
"Block Group 3, Census Tract 12.01, Boone County, Missouri",3,12.01,19,29,290190012013,4,2109,1017,91,102,103,28,0,19,0,80,0,31,18,110,20,97,145,16,26,25,13,57,16,20,0,1092,0,82,83,14,12,19,19,18,49,50,100,77,81,109,130,22,37,17,16,57,74,14,12
"Block Group 4, Census Tract 12.01, Boone County, Missouri",4,12.01,19,29,290190012014,4,2147,1122,95,141,158,56,53,0,0,108,48,28,52,84,61,24,54,67,0,0,0,68,25,0,0,1025,111,92,51,0,19,0,0,46,26,47,176,61,154,0,50,55,18,17,31,17,28,26,0
"Block Group 1, Census Tract 12.02, Boone County, Missouri",1,12.02,19,29,290190012021,4,1993,1063,38,119,189,34,11,22,0,49,0,24,66,62,64,114,58,46,22,14,28,11,41,13,38,930,76,82,16,10,0,14,0,68,77,27,55,120,19,94,75,29,9,14,27,60,21,13,24
"Block Group 2, Census Tract 12.02, Boone County, Missouri",2,12.02,19,29,290190012022,4,1399,825,19,20,41,111,111,0,0,0,44,16,0,30,82,72,49,48,30,95,13,31,0,13,0,574,18,26,44,18,0,0,0,0,43,47,40,27,0,31,136,4,65,40,0,14,9,12,0
"Block Group 3, Census Tract 12.02, Boone County, Missouri",3,12.02,19,29,290190012023,4,1166,442,35,0,0,45,25,37,0,27,9,73,78,0,30,0,27,15,11,0,0,0,0,30,0,724,67,9,9,0,16,21,0,88,126,83,35,61,9,1,8,37,10,0,14,55,26,0,49
"Block Group 4, Census Tract 12.02, Boone County, Missouri",4,12.02,19,29,290190012024,4,691,292,28,16,36,28,0,0,0,0,0,30,16,16,19,33,31,0,13,0,13,13,0,0,0,399,14,31,31,0,9,16,16,0,41,0,31,18,56,27,19,19,13,0,45,0,13,0,0
"Block Group 1, Census Tract 13, Boone County, Missouri",1,1300,19,29,290190013001,,1364,672,20,62,32,0,0,0,42,25,300,48,43,11,17,43,17,0,0,0,8,4,0,0,0,692,28,40,36,38,22,56,0,98,149,90,25,23,17,24,23,0,0,7,16,0,0,0,0
"Block Group 2, Census Tract 13, Boone County, Missouri",2,1300,19,29,290190013002,,1555,739,0,0,0,29,17,0,24,176,202,66,56,46,54,0,23,0,17,8,0,14,7,0,0,816,24,26,17,0,0,0,139,50,214,88,47,19,62,0,32,13,15,0,5,6,52,7,0
"Block Group 3, Census Tract 13, Boone County, Missouri",3,1300,19,29,290190013003,,1232,626,29,48,12,0,0,44,7,43,32,17,37,15,0,15,116,0,19,14,57,18,52,19,32,606,34,18,16,53,0,6,0,8,22,30,30,25,22,18,66,22,0,49,41,6,71,34,35
"Block Group 1, Census Tract 14.01, Boone County, Missouri",1,14.01,19,29,290190014011,2,2956,1650,131,128,125,38,59,0,86,101,115,138,176,109,75,107,114,0,37,30,0,19,42,20,0,1306,89,59,81,0,20,44,0,46,146,221,102,102,39,53,165,23,29,0,0,45,22,20,0
"Block Group 2, Census Tract 14.01, Boone County, Missouri",2,14.01,19,29,290190014012,2,2443,1413,121,62,0,0,25,41,209,262,51,119,188,22,171,68,51,0,0,23,0,0,0,0,0,1030,0,86,176,85,56,43,0,39,71,49,195,23,28,38,55,10,0,25,26,0,25,0,0
"Block Group 3, Census Tract 14.01, Boone County, Missouri",3,14.01,19,29,290190014013,2,1544,637,9,71,24,0,20,0,0,36,77,41,131,92,0,69,0,0,67,0,0,0,0,0,0,907,129,57,21,133,0,0,0,63,56,70,189,0,0,21,67,0,70,0,31,0,0,0,0
"Block Group 1, Census Tract 14.02, Boone County, Missouri",1,14.02,19,29,290190014021,2,1527,625,68,0,38,0,37,99,0,0,0,57,108,20,0,11,73,0,0,0,18,21,53,0,22,902,192,71,24,0,19,0,0,0,100,104,50,0,180,14,21,0,0,22,56,0,17,15,17
"Block Group 2, Census Tract 14.02, Boone County, Missouri",2,14.02,19,29,290190014022,2,1203,494,23,0,27,49,15,0,0,0,26,101,82,0,72,0,19,0,19,0,19,23,0,19,0,709,0,95,83,80,0,0,0,0,25,95,25,111,64,21,0,18,18,0,0,21,0,53,0
"Block Group 3, Census Tract 14.02, Boone County, Missouri",3,14.02,19,29,290190014023,2,1316,599,54,43,26,47,15,0,0,0,22,0,0,26,24,24,219,21,0,0,0,19,0,9,50,717,25,19,0,0,0,0,0,0,25,27,102,24,47,23,0,162,42,0,0,20,66,10,125
"Block Group 4, Census Tract 14.02, Boone County, Missouri",4,14.02,19,29,290190014024,2,1212,619,78,19,50,0,0,0,0,54,14,78,28,75,0,73,47,19,41,19,24,0,0,0,0,593,0,23,27,23,0,0,0,59,28,27,80,60,94,49,26,0,36,22,0,0,22,17,0
"Block Group 1, Census Tract 15.03, Boone County, Missouri",1,15.03,19,29,290190015031,3,806,395,36,0,19,0,0,0,0,12,36,40,11,37,54,89,38,9,0,0,14,0,0,0,0,411,32,23,11,9,0,0,0,45,11,21,0,53,75,22,44,0,0,10,0,26,15,14,0
"Block Group 2, Census Tract 15.03, Boone County, Missouri",2,15.03,19,29,290190015032,3,1039,604,11,13,93,0,0,14,10,9,10,46,109,35,42,51,39,63,7,0,6,38,8,0,0,435,15,61,14,67,7,0,0,0,9,47,26,38,13,20,70,0,0,24,0,10,14,0,0
"Block Group 3, Census Tract 15.03, Boone County, Missouri",3,15.03,19,29,290190015033,2,1555,807,108,47,123,15,21,15,4,62,14,62,92,25,26,23,46,32,0,3,25,0,38,13,13,748,41,95,27,9,18,0,0,63,75,90,83,7,30,42,52,0,47,8,38,0,11,12,0
"Block Group 1, Census Tract 15.05, Boone County, Missouri",1,15.05,19,29,290190015051,3,1811,1050,164,125,96,91,0,0,0,63,0,151,26,32,136,53,0,0,0,0,16,48,34,15,0,761,0,60,50,1,50,0,0,0,92,132,30,18,86,52,5,6,32,0,65,50,18,14,0
"Block Group 2, Census Tract 15.05, Boone County, Missouri",2,15.05,19,29,290190015052,3,1121,279,15,0,17,13,0,0,0,0,0,97,9,15,0,11,12,0,0,0,0,75,0,0,15,842,24,30,22,9,19,17,86,45,25,16,92,34,43,51,30,0,84,16,76,95,14,0,14
"Block Group 1, Census Tract 15.06, Boone County, Missouri",1,15.06,19,29,290190015061,3,1855,834,83,23,14,24,0,0,70,57,190,58,71,31,84,0,0,27,0,15,51,19,17,0,0,1021,105,0,0,17,12,25,0,121,145,110,19,43,0,85,41,12,21,53,41,0,42,17,112
"Block Group 2, Census Tract 15.06, Boone County, Missouri",2,15.06,19,29,290190015062,3,2381,1434,130,342,137,90,1,0,0,76,69,107,38,20,143,7,62,121,0,7,7,25,23,7,22,947,69,32,18,0,0,31,0,29,232,71,66,63,74,0,113,21,14,0,33,23,36,18,4
"Block Group 1, Census Tract 15.07, Boone County, Missouri",1,15.07,19,29,290190015071,2,768,442,80,44,0,0,37,44,0,31,15,138,0,17,0,24,12,0,0,0,0,0,0,0,0,326,33,0,0,4,7,0,0,95,50,59,0,0,16,43,19,0,0,0,0,0,0,0,0
"Block Group 2, Census Tract 15.07, Boone County, Missouri",2,15.07,19,29,290190015072,2,888,409,22,10,18,27,7,0,0,20,34,80,19,15,20,46,12,0,11,13,37,0,18,0,0,479,8,8,24,7,7,29,0,36,0,47,9,63,18,27,55,27,43,12,34,25,0,0,0
"Block Group 3, Census Tract 15.07, Boone County, Missouri",3,15.07,19,29,290190015073,3,590,286,21,0,0,0,0,0,0,0,37,63,20,0,0,35,0,0,38,30,0,12,0,30,0,304,60,0,0,0,0,0,0,34,12,12,95,0,0,0,33,0,7,11,0,27,13,0,0
"Block Group 1, Census Tract 15.08, Boone County, Missouri",1,15.08,19,29,290190015081,3,1369,655,17,0,0,22,0,0,0,0,104,76,50,53,23,74,15,40,0,107,50,0,0,24,0,714,50,15,26,37,0,0,0,0,16,163,16,55,114,69,0,72,0,24,16,0,41,0,0
"Block Group 2, Census Tract 15.08, Boone County, Missouri",2,15.08,19,29,290190015082,2,635,175,17,0,18,0,0,0,0,0,49,39,31,0,0,21,0,0,0,0,0,0,0,0,0,460,90,58,107,0,0,0,0,0,46,19,17,71,0,0,0,52,0,0,0,0,0,0,0
"Block Group 3, Census Tract 15.08, Boone County, Missouri",3,15.08,19,29,290190015083,2,1546,644,44,16,2,24,2,23,22,77,92,18,45,47,22,53,61,40,0,0,0,56,0,0,0,902,46,96,31,175,10,0,19,34,37,84,13,29,21,116,75,20,43,0,0,53,0,0,0
"Block Group 4, Census Tract 15.08, Boone County, Missouri",4,15.08,19,29,290190015084,2,2405,1022,14,34,184,0,0,0,0,0,116,46,145,107,34,42,137,0,21,81,32,16,0,0,13,1383,44,499,49,20,14,0,0,14,34,160,68,178,59,23,41,18,31,60,18,42,0,0,11
"Block Group 1, Census Tract 16.02, Boone County, Missouri",1,16.02,19,29,290190016021,6,1281,639,9,87,25,22,5,0,9,40,39,28,46,19,63,21,35,0,49,48,19,34,31,10,0,642,33,5,38,9,0,0,41,9,56,37,32,8,65,23,52,13,67,50,27,23,44,10,0
"Block Group 2, Census Tract 16.02, Boone County, Missouri",2,16.02,19,29,290190016022,6,1674,803,44,70,22,0,0,0,0,14,0,12,77,56,43,178,37,60,32,20,41,8,57,32,0,871,101,139,19,15,0,0,0,5,23,8,110,51,20,102,59,35,31,39,50,33,17,14,0
"Block Group 3, Census Tract 16.02, Boone County, Missouri",3,16.02,19,29,290190016023,3,1371,647,58,7,40,27,0,0,0,38,70,94,20,34,63,0,10,0,70,0,59,27,5,25,0,724,47,18,65,14,0,0,9,15,30,83,82,45,27,9,104,8,55,41,6,23,22,6,15
"Block Group 1, Census Tract 16.03, Boone County, Missouri",1,16.03,19,29,290190016031,3,2694,1154,44,253,48,0,0,0,0,0,89,191,63,16,145,12,72,55,59,0,43,44,0,0,20,1540,200,39,103,33,4,268,0,0,132,213,91,78,11,114,42,66,12,39,0,12,27,56,0
"Block Group 2, Census Tract 16.03, Boone County, Missouri",2,16.03,19,29,290190016032,,325,141,0,0,0,0,0,0,0,1,0,0,0,4,37,0,0,1,27,20,11,31,9,0,0,184,0,0,0,17,0,21,0,0,0,0,0,15,0,18,0,2,0,23,14,42,0,31,1
"Block Group 3, Census Tract 16.03, Boone County, Missouri",3,16.03,19,29,290190016033,3,1628,987,25,28,131,0,15,69,0,182,17,26,120,211,0,26,65,14,0,0,0,0,47,0,11,641,25,36,0,22,59,0,0,28,23,45,117,0,26,42,107,29,62,0,0,0,10,0,10
"Block Group 1, Census Tract 16.04, Boone County, Missouri",1,16.04,19,29,290190016041,3,1350,718,0,23,29,21,0,0,39,117,174,0,71,65,49,81,0,0,16,25,0,0,8,0,0,632,47,0,22,0,0,13,72,30,38,11,72,11,140,58,27,35,0,36,0,12,0,8,0
"Block Group 2, Census Tract 16.04, Boone County, Missouri",2,16.04,19,29,290190016042,3,3326,1884,232,143,153,92,26,153,0,16,230,120,192,74,133,31,61,28,26,2,31,94,30,17,0,1442,149,84,52,69,26,86,0,78,197,35,89,101,70,56,55,0,34,50,132,35,44,0,0
"Block Group 1, Census Tract 17.02, Boone County, Missouri",1,17.02,19,29,290190017021,6,2374,1231,161,43,67,56,0,0,0,0,92,97,48,73,121,130,63,22,56,39,71,62,21,9,0,1143,74,80,127,24,0,0,9,16,118,56,39,96,89,74,106,12,32,20,101,33,0,37,0
"Block Group 2, Census Tract 17.02, Boone County, Missouri",2,17.02,19,29,290190017022,,912,403,49,12,19,9,25,15,0,18,119,0,0,19,19,15,28,1,1,0,49,3,1,1,0,509,40,62,3,40,0,14,8,63,51,40,8,18,20,50,3,0,37,0,45,3,2,0,2
"Block Group 3, Census Tract 17.02, Boone County, Missouri",3,17.02,19,29,290190017023,,2714,1405,126,41,64,35,14,0,0,25,87,14,162,49,58,100,210,96,120,30,38,65,36,25,10,1309,30,13,91,20,3,0,0,8,204,164,7,37,87,79,249,86,33,34,29,92,33,0,10
"Block Group 1, Census Tract 17.03, Boone County, Missouri",1,17.03,19,29,290190017031,,1275,521,10,16,52,0,9,0,0,17,101,6,36,89,20,24,0,12,27,0,0,51,17,17,17,754,7,154,66,44,0,0,58,11,52,6,66,57,20,10,65,5,26,15,13,0,63,0,16
"Block Group 2, Census Tract 17.03, Boone County, Missouri",2,17.03,19,29,290190017032,,2377,1172,24,125,117,35,0,4,0,0,50,55,91,139,125,45,55,4,109,62,15,36,14,23,44,1205,64,77,57,70,0,0,0,67,0,72,46,144,134,34,191,0,66,23,52,38,3,64,3
"Block Group 1, Census Tract 17.04, Boone County, Missouri",1,17.04,19,29,290190017041,,1127,572,21,23,83,0,31,0,0,0,82,12,43,15,16,65,23,38,0,0,40,42,29,0,9,555,0,0,74,0,33,0,0,0,40,33,76,14,0,71,71,14,0,0,69,11,29,0,20
"Block Group 2, Census Tract 17.04, Boone County, Missouri",2,17.04,19,29,290190017042,,2938,1382,99,125,127,36,20,15,20,30,31,0,68,187,101,164,87,65,49,45,18,31,2,62,0,1556,40,86,100,113,28,30,0,115,9,16,84,102,159,240,53,35,43,20,108,55,51,0,69
"Block Group 1, Census Tract 18.03, Boone County, Missouri",1,18.03,19,29,290190018031,,1549,786,98,55,75,36,0,0,0,20,101,27,24,55,28,57,38,21,38,0,24,49,16,16,8,763,79,50,27,6,8,0,0,21,110,36,18,63,48,70,25,25,17,51,50,39,6,0,14
"Block Group 2, Census Tract 18.03, Boone County, Missouri",2,18.03,19,29,290190018032,,907,384,0,0,39,7,13,8,0,0,11,19,21,41,22,42,53,0,22,42,11,16,9,8,0,523,0,8,43,53,12,0,20,0,49,20,21,40,42,57,36,25,27,20,9,19,7,7,8
"Block Group 3, Census Tract 18.03, Boone County, Missouri",3,18.03,19,29,290190018033,,1591,770,10,110,81,25,37,1,0,43,84,38,20,16,36,32,21,17,47,51,37,30,34,0,0,821,82,59,8,5,1,0,0,1,98,86,17,34,58,72,53,3,47,53,62,21,22,21,18
"Block Group 1, Census Tract 18.06, Boone County, Missouri",1,18.06,19,29,290190018061,4,1051,418,34,0,16,0,12,18,20,42,0,18,20,19,18,71,31,15,29,14,28,0,13,0,0,633,18,35,0,0,13,49,0,0,84,75,16,65,51,65,15,0,37,10,47,11,12,0,30
"Block Group 2, Census Tract 18.06, Boone County, Missouri",2,18.06,19,29,290190018062,,1071,606,32,51,47,16,0,43,0,0,0,0,24,18,24,80,49,0,15,40,74,49,14,29,1,465,0,17,6,18,0,0,0,0,0,0,34,37,96,35,68,0,57,16,18,48,14,1,0
"Block Group 3, Census Tract 18.06, Boone County, Missouri",3,18.06,19,29,290190018063,5,2791,1556,139,187,161,64,70,41,0,0,41,57,114,141,141,120,81,75,44,0,40,0,40,0,0,1235,47,76,111,9,33,0,70,0,0,137,130,174,26,193,58,41,41,0,41,35,13,0,0
"Block Group 1, Census Tract 18.07, Boone County, Missouri",1,18.07,19,29,290190018071,4,2605,1533,112,243,116,25,154,0,0,47,146,117,71,112,68,90,67,0,117,0,11,0,0,0,37,1072,83,135,174,28,13,0,0,0,13,172,120,63,60,50,65,38,0,0,11,0,12,0,35
"Block Group 2, Census Tract 18.07, Boone County, Missouri",2,18.07,19,29,290190018072,4,2835,1185,83,83,56,27,23,124,0,22,28,92,102,45,156,62,24,67,39,0,109,18,0,25,0,1650,136,111,219,26,31,0,21,56,0,137,143,194,176,136,43,76,20,13,19,14,36,24,19
"Block Group 1, Census Tract 19.01, Boone County, Missouri",1,19.01,19,29,290190019011,,1927,964,127,74,67,42,15,10,14,29,73,26,5,109,54,72,58,23,48,17,61,11,28,0,1,963,18,65,92,75,1,0,5,0,90,60,99,54,64,71,58,35,30,36,45,17,17,10,21
"Block Group 2, Census Tract 19.01, Boone County, Missouri",2,19.01,19,29,290190019012,,907,448,18,25,14,9,8,0,0,0,13,37,34,23,11,26,38,13,80,42,26,25,0,6,0,459,30,20,22,15,0,12,0,0,5,25,3,29,25,11,74,0,60,39,44,35,0,8,2
"Block Group 3, Census Tract 19.01, Boone County, Missouri",3,19.01,19,29,290190019013,,2168,861,24,32,16,55,2,0,0,0,33,93,16,64,172,46,92,45,23,9,64,48,16,11,0,1307,10,58,221,175,0,0,0,95,0,57,230,10,33,40,96,32,32,15,59,33,77,15,19
"Block Group 1, Census Tract 19.03, Boone County, Missouri",1,19.03,19,29,290190019031,,992,495,30,14,14,66,22,0,0,0,70,44,56,88,0,33,24,0,0,12,12,0,0,10,0,497,51,56,0,4,0,0,0,22,106,16,39,45,0,73,12,12,24,12,0,25,0,0,0
"Block Group 2, Census Tract 19.03, Boone County, Missouri",2,19.03,19,29,290190019032,,1991,1158,119,87,76,144,10,72,0,0,49,110,73,64,104,53,51,10,68,0,0,47,11,0,10,833,0,58,0,19,4,0,13,57,93,28,132,60,20,37,129,62,22,14,14,48,10,0,13
"Block Group 3, Census Tract 19.03, Boone County, Missouri",3,19.03,19,29,290190019033,,2292,1154,16,152,124,81,0,25,12,0,61,83,0,64,94,123,51,55,65,40,23,11,63,11,0,1138,181,71,78,62,5,42,0,0,104,83,50,52,134,44,38,29,35,24,38,58,0,10,0
"Block Group 1, Census Tract 19.04, Boone County, Missouri",1,19.04,19,29,290190019041,,1128,531,61,28,49,20,7,7,17,38,62,27,20,25,12,29,24,11,22,10,32,9,7,11,3,597,32,20,26,13,2,0,0,97,67,25,26,10,46,51,29,13,10,16,18,42,14,17,23
"Block Group 2, Census Tract 19.04, Boone County, Missouri",2,19.04,19,29,290190019042,,1924,873,79,98,77,48,22,15,0,45,67,87,57,48,50,24,38,24,11,8,4,31,24,16,0,1051,69,94,114,32,16,6,4,56,67,62,70,90,98,55,40,14,34,5,14,46,31,17,17
"Block Group 3, Census Tract 19.04, Boone County, Missouri",3,19.04,19,29,290190019043,,1186,551,35,69,0,58,0,18,0,58,0,0,30,41,41,46,68,0,28,0,34,0,25,0,0,635,53,77,0,0,17,0,0,91,18,0,31,23,53,60,24,63,15,35,17,31,27,0,0
"Block Group 1, Census Tract 20, Boone County, Missouri",1,2000,19,29,290190020001,,857,366,12,49,0,11,0,0,0,13,32,0,48,0,11,0,0,18,44,0,0,26,44,39,19,491,34,12,12,12,29,13,58,0,61,23,0,12,0,14,23,34,0,0,0,30,41,32,51
"Block Group 2, Census Tract 20, Boone County, Missouri",2,2000,19,29,290190020002,,1210,475,12,43,43,40,0,19,0,19,51,71,0,0,12,98,33,0,0,34,0,0,0,0,0,735,12,0,100,10,29,0,0,0,111,13,67,51,76,106,55,0,38,12,0,0,44,0,11
"Block Group 3, Census Tract 20, Boone County, Missouri",3,2000,19,29,290190020003,,1463,825,106,105,46,37,0,0,0,0,74,208,0,0,0,0,39,19,38,13,32,94,0,0,14,638,93,0,0,0,0,0,0,0,46,110,18,11,11,79,52,31,12,18,140,11,6,0,0
"Block Group 4, Census Tract 20, Boone County, Missouri",4,2000,19,29,290190020004,,1657,833,0,45,58,43,29,0,0,33,0,174,28,89,35,43,54,0,21,0,23,88,52,18,0,824,39,81,67,90,8,0,0,0,13,42,39,65,34,58,48,12,46,13,20,102,24,0,23
"Block Group 1, Census Tract 21, Boone County, Missouri",1,2100,19,29,290190021001,,659,263,14,26,0,32,0,8,0,8,49,23,20,34,18,19,2,10,0,0,0,0,0,0,0,396,23,44,0,0,0,0,0,22,61,34,47,44,0,50,13,11,40,0,7,0,0,0,0
"Block Group 2, Census Tract 21, Boone County, Missouri",2,2100,19,29,290190021002,,1872,1003,110,77,42,38,88,5,10,53,44,82,52,74,43,21,159,11,28,0,0,44,11,0,11,869,140,62,52,4,111,36,24,24,78,12,22,110,41,36,12,35,20,7,11,6,0,14,12
"Block Group 3, Census Tract 21, Boone County, Missouri",3,2100,19,29,290190021003,,1089,404,0,0,11,0,0,0,33,218,49,7,24,23,6,0,7,0,9,0,0,17,0,0,0,685,0,0,9,24,34,47,152,127,10,8,19,34,0,32,102,52,0,6,0,0,29,0,0
"Block Group 1, Census Tract 22, Boone County, Missouri",1,2200,19,29,290190022001,,1797,743,0,0,0,7,560,105,57,14,0,0,0,0,0,0,0,0,0,0,0,0,0,0,0,1054,0,0,0,26,669,241,79,17,0,0,0,0,17,0,0,0,0,5,0,0,0,0,0
"Block Group 2, Census Tract 22, Boone County, Missouri",2,2200,19,29,290190022002,,1461,481,0,0,0,0,241,81,47,112,0,0,0,0,0,0,0,0,0,0,0,0,0,0,0,980,0,0,0,0,553,251,132,23,0,8,0,0,4,0,0,0,0,9,0,0,0,0,0
"Block Group 3, Census Tract 22, Boone County, Missouri",3,2200,19,29,290190022003,,1409,564,0,0,0,0,404,34,28,23,25,0,11,2,0,0,8,0,0,3,2,6,3,5,10,845,0,0,0,6,597,170,48,5,13,0,0,0,6,0,0,0,0,0,0,0,0,0,0
"Block Group 4, Census Tract 22, Boone County, Missouri",4,2200,19,29,290190022004,,1982,951,26,28,23,0,335,105,36,175,81,29,25,49,3,8,19,0,9,0,0,0,0,0,0,1031,12,0,20,6,408,107,70,191,118,36,20,21,0,11,0,9,0,0,0,0,0,0,2
